"","drC","lsC","drB","lsB"
"mean",0.54,1.7,0.75,2.6
"sd",0.41,0.73,0.39,0.7
"L95CI",0.403299194032285,1.27851054861611,0.577083687038795,2.25189818950091
"U95CI",0.676700805967715,2.12148945138389,0.922916312961205,2.94810181049909
